sensitive_column,group,false_positive_rate,false_negative_rate,group_cost,false_positive_rate_disparity,false_negative_rate_disparity,method
customer_age,10,0.0,1.0,13.0,0.0016897243637131,1.0,AI-only
customer_age,20,0.0001437676714429,0.9935897435897436,155.171,0.0016897243637131,1.0,AI-only
customer_age,30,0.00025032855623,0.9629629629629628,390.456,0.0016897243637131,1.0,AI-only
customer_age,40,0.0006563593932322,0.970183486238532,424.026,0.0016897243637131,1.0,AI-only
customer_age,50,0.0016897243637131,0.9453125,242.912,0.0016897243637131,1.0,AI-only
customer_age,60,0.0016877637130801,0.931297709923664,122.228,0.0016897243637131,1.0,AI-only
customer_age,70,0.0,0.92,23.0,0.0016897243637131,1.0,AI-only
customer_age,80,0.0,0.8333333333333334,5.0,0.0016897243637131,1.0,AI-only
customer_age,90,0.0,0.0,0.0,0.0016897243637131,1.0,AI-only
customer_age,10,0.0020569077819677,0.6923076923076923,9.342,0.3312764255513655,0.717948717948718,best expert only
customer_age,20,0.0046005654861743,0.717948717948718,117.472,0.3312764255513655,0.717948717948718,best expert only
customer_age,30,0.0048188247074285,0.6864197530864198,286.778,0.3312764255513655,0.717948717948718,best expert only
customer_age,40,0.0049591598599766,0.6811926605504587,304.752,0.3312764255513655,0.717948717948718,best expert only
customer_age,50,0.0818460238673566,0.1015625,70.17500000000001,0.3312764255513655,0.717948717948718,best expert only
customer_age,60,0.0784810126582278,0.1068702290076335,24.602,0.3312764255513655,0.717948717948718,best expert only
customer_age,70,0.0678466076696165,0.12,4.311,0.3312764255513655,0.717948717948718,best expert only
customer_age,80,0.0294117647058823,0.1666666666666666,1.114,0.3312764255513655,0.717948717948718,best expert only
customer_age,90,0.3333333333333333,0.0,0.057,0.3312764255513655,0.717948717948718,best expert only
customer_age,10,0.0198834418923551,0.6923076923076923,12.306,0.3134498914409782,0.6923076923076923,random expert
customer_age,20,0.0223798341879522,0.6923076923076923,134.619,0.3134498914409782,0.6923076923076923,random expert
customer_age,30,0.0266287001689717,0.5604938271604938,275.507,0.3134498914409782,0.6923076923076923,random expert
customer_age,40,0.030374854142357,0.5275229357798165,277.481,0.3134498914409782,0.6923076923076923,random expert
customer_age,50,0.1045516950047523,0.21875,112.43,0.3134498914409782,0.6923076923076923,random expert
customer_age,60,0.1075949367088607,0.2519083969465648,47.535,0.3134498914409782,0.6923076923076923,random expert
customer_age,70,0.1120943952802359,0.28,9.166,0.3134498914409782,0.6923076923076923,random expert
customer_age,80,0.088235294117647,0.5,3.342,0.3134498914409782,0.6923076923076923,random expert
customer_age,90,0.3333333333333333,0.0,0.057,0.3134498914409782,0.6923076923076923,random expert
customer_age,10,0.0,1.0,13.0,0.0016897243637131,1.0,numerical threshold
customer_age,20,0.0001437676714429,0.9935897435897436,155.171,0.0016897243637131,1.0,numerical threshold
customer_age,30,0.00025032855623,0.9629629629629628,390.456,0.0016897243637131,1.0,numerical threshold
customer_age,40,0.0006563593932322,0.970183486238532,424.026,0.0016897243637131,1.0,numerical threshold
customer_age,50,0.0016897243637131,0.9453125,242.912,0.0016897243637131,1.0,numerical threshold
customer_age,60,0.0016877637130801,0.931297709923664,122.228,0.0016897243637131,1.0,numerical threshold
customer_age,70,0.0,0.92,23.0,0.0016897243637131,1.0,numerical threshold
customer_age,80,0.0,0.8333333333333334,5.0,0.0016897243637131,1.0,numerical threshold
customer_age,90,0.0,0.0,0.0,0.0016897243637131,1.0,numerical threshold
customer_age,10,0.0,1.0,13.0,0.0016897243637131,1.0,distance threshold
customer_age,20,0.0001437676714429,0.9935897435897436,155.171,0.0016897243637131,1.0,distance threshold
customer_age,30,0.00025032855623,0.9629629629629628,390.456,0.0016897243637131,1.0,distance threshold
customer_age,40,0.0006563593932322,0.970183486238532,424.026,0.0016897243637131,1.0,distance threshold
customer_age,50,0.0016897243637131,0.9453125,242.912,0.0016897243637131,1.0,distance threshold
customer_age,60,0.0016877637130801,0.931297709923664,122.228,0.0016897243637131,1.0,distance threshold
customer_age,70,0.0,0.92,23.0,0.0016897243637131,1.0,distance threshold
customer_age,80,0.0,0.8333333333333334,5.0,0.0016897243637131,1.0,distance threshold
customer_age,90,0.0,0.0,0.0,0.0016897243637131,1.0,distance threshold
customer_age,10,0.0,0.0,0.0,0.0,0.0,oracle upper bound
customer_age,20,0.0,0.0,0.0,0.0,0.0,oracle upper bound
customer_age,30,0.0,0.0,0.0,0.0,0.0,oracle upper bound
customer_age,40,0.0,0.0,0.0,0.0,0.0,oracle upper bound
customer_age,50,0.0,0.0,0.0,0.0,0.0,oracle upper bound
customer_age,60,0.0,0.0,0.0,0.0,0.0,oracle upper bound
customer_age,70,0.0,0.0,0.0,0.0,0.0,oracle upper bound
customer_age,80,0.0,0.0,0.0,0.0,0.0,oracle upper bound
customer_age,90,0.0,0.0,0.0,0.0,0.0,oracle upper bound
customer_age,10,0.0,0.9230769230769232,12.0,0.0117994100294985,0.9423076923076924,learning-to-defer baseline
customer_age,20,4.79225571476494e-05,0.9423076923076924,147.057,0.0117994100294985,0.9423076923076924,learning-to-defer baseline
customer_age,30,0.00025032855623,0.8691358024691358,352.456,0.0117994100294985,0.9423076923076924,learning-to-defer baseline
customer_age,40,0.0004740373395565,0.841743119266055,367.741,0.0117994100294985,0.9423076923076924,learning-to-defer baseline
customer_age,50,0.0109832083641356,0.45703125,122.928,0.0117994100294985,0.9423076923076924,learning-to-defer baseline
customer_age,60,0.0097046413502109,0.4885496183206106,65.311,0.0117994100294985,0.9423076923076924,learning-to-defer baseline
customer_age,70,0.0117994100294985,0.48,12.228,0.0117994100294985,0.9423076923076924,learning-to-defer baseline
customer_age,80,0.0,0.5,3.0,0.0117994100294985,0.9423076923076924,learning-to-defer baseline
customer_age,90,0.0,0.0,0.0,0.0117994100294985,0.9423076923076924,learning-to-defer baseline
customer_age,10,0.0,0.9230769230769232,12.0,0.0030626254092301,0.9294871794871796,MAGD-Heuristic
customer_age,20,0.0001437676714429,0.9294871794871796,145.171,0.0030626254092301,0.9294871794871796,MAGD-Heuristic
customer_age,30,0.0002190374867012,0.9037037037037036,366.399,0.0030626254092301,0.9294871794871796,MAGD-Heuristic
customer_age,40,0.0006563593932322,0.8922018348623854,390.026,0.0030626254092301,0.9294871794871796,MAGD-Heuristic
customer_age,50,0.0030626254092301,0.7734375,199.653,0.0030626254092301,0.9294871794871796,MAGD-Heuristic
customer_age,60,0.0016877637130801,0.7709923664122137,101.228,0.0030626254092301,0.9294871794871796,MAGD-Heuristic
customer_age,70,0.0,0.76,19.0,0.0030626254092301,0.9294871794871796,MAGD-Heuristic
customer_age,80,0.0,0.6666666666666666,4.0,0.0030626254092301,0.9294871794871796,MAGD-Heuristic
customer_age,90,0.0,0.0,0.0,0.0030626254092301,0.9294871794871796,MAGD-Heuristic
customer_age,10,0.0,1.0,13.0,0.0026401943183018,1.0,MAGD-Learned
customer_age,20,0.0001437676714429,0.9743589743589745,152.171,0.0026401943183018,1.0,MAGD-Learned
customer_age,30,0.00025032855623,0.9407407407407408,381.456,0.0026401943183018,1.0,MAGD-Learned
customer_age,40,0.0006563593932322,0.944954128440367,413.026,0.0026401943183018,1.0,MAGD-Learned
customer_age,50,0.0026401943183018,0.88671875,228.425,0.0026401943183018,1.0,MAGD-Learned
customer_age,60,0.0016877637130801,0.8549618320610687,112.228,0.0026401943183018,1.0,MAGD-Learned
customer_age,70,0.0,0.92,23.0,0.0026401943183018,1.0,MAGD-Learned
customer_age,80,0.0,0.8333333333333334,5.0,0.0026401943183018,1.0,MAGD-Learned
customer_age,90,0.0,0.0,0.0,0.0026401943183018,1.0,MAGD-Learned
customer_age,10,0.0,1.0,13.0,0.0026401943183018,1.0,MAGD-Constrained
customer_age,20,0.0001437676714429,0.9743589743589745,152.171,0.0026401943183018,1.0,MAGD-Constrained
customer_age,30,0.00025032855623,0.9407407407407408,381.456,0.0026401943183018,1.0,MAGD-Constrained
customer_age,40,0.0006563593932322,0.944954128440367,413.026,0.0026401943183018,1.0,MAGD-Constrained
customer_age,50,0.0026401943183018,0.88671875,228.425,0.0026401943183018,1.0,MAGD-Constrained
customer_age,60,0.0016877637130801,0.8549618320610687,112.228,0.0026401943183018,1.0,MAGD-Constrained
customer_age,70,0.0,0.92,23.0,0.0026401943183018,1.0,MAGD-Constrained
customer_age,80,0.0,0.8333333333333334,5.0,0.0026401943183018,1.0,MAGD-Constrained
customer_age,90,0.0,0.0,0.0,0.0026401943183018,1.0,MAGD-Constrained
